organization	0	6	global
organization	7	12	human
organization	13	20	machine
organization	21	30	Interface
O	31	32	-lrb-
O	32	35	HMI
O	35	36	-rrb-
O	37	43	Market
O	44	47	Key
O	48	55	Players
O	55	56	,
O	57	69	application
O	69	70	,
O	71	82	Development
O	83	91	Forecast
O	92	98	Report
O	98	99	...
O	99	100	.
O	102	108	Market
O	109	117	Research
date	118	124	Future
O	125	126	-
date	127	134	Tuesday
date	134	135	,
date	136	142	August
date	143	145	23
date	145	146	,
date	147	151	2016
O	151	152	.

O	160	168	research
date	169	175	future
O	176	185	publish
O	186	187	a
O	188	192	half
O	193	199	cook
O	200	208	research
O	209	215	report
O	216	218	on
organization	219	225	global
organization	226	231	human
organization	232	239	machine
organization	240	249	Interface
O	250	251	-lrb-
O	251	254	HMI
O	254	255	-rrb-
O	256	262	market
O	263	267	that
O	268	276	contain
O	277	280	the
O	281	292	information
O	293	297	from
date	298	302	2016
date	303	305	to
date	306	310	2027
O	310	311	.

organization	317	322	human
organization	323	330	machine
organization	331	340	Interface
O	341	342	-lrb-
O	342	345	HMI
O	345	346	-rrb-
O	347	353	market
O	355	357	be
O	358	366	expect
O	367	369	to
O	370	374	grow
O	375	379	with
O	381	382	a
O	383	387	cagr
O	388	390	of
O	391	395	more
O	396	400	than
percent	401	403	xx
percent	403	404	%
O	405	409	from
date	410	414	2016
date	415	417	to
date	418	422	2027
O	422	423	,
O	424	427	and
O	428	432	with
O	433	437	this
O	438	440	it
O	441	443	be
O	444	455	predictable
O	456	458	to
O	459	464	cross
O	465	468	USD
money	469	470	$
money	470	472	xx
money	473	480	billion
O	481	483	by
date	484	488	2027
O	488	489	.

O	494	499	major
O	500	506	growth
O	507	509	of
O	510	513	the
O	514	520	market
O	521	523	be
O	524	527	due
O	528	530	to
O	531	538	grow
O	539	545	demand
O	546	549	for
organization	550	553	HMI
O	554	556	in
O	557	567	industrial
O	568	578	automation
O	579	582	and
O	583	589	rise
O	590	594	need
O	595	597	of
O	598	602	datum
O	603	611	security
O	612	614	in
O	615	618	the
O	619	625	market
O	625	626	.
O	629	632	ask
O	633	636	for
O	637	641	you
O	642	650	specific
O	651	658	company
O	659	666	profile
O	667	670	and
O	671	678	country
O	679	684	level
O	685	698	customization
O	699	701	on
O	702	709	report
O	709	710	.

O	716	722	report
O	723	731	include
O	732	733	a
O	734	739	study
O	740	742	of
O	743	753	strategy
O	753	754	,
O	755	757	of
O	758	763	major
O	764	770	market
O	771	778	player
O	778	779	.

O	783	791	include
O	792	795	the
O	796	803	product
O	804	814	portfolio
O	814	815	,
O	816	828	development
O	829	831	of
O	832	839	lead
O	840	845	major
O	846	853	player
O	854	858	such
O	859	861	as
organization	862	865	ABB
organization	866	870	Ltd.
O	870	871	,
organization	872	877	Eaton
organization	878	883	Corp.
O	883	884	,
organization	885	892	Emerson
organization	893	901	Electric
organization	902	907	Corp.
O	907	908	,
organization	909	917	Rockwell
organization	918	928	Automation
O	928	929	,
organization	930	939	Schneider
organization	940	948	Electric
O	948	949	,
organization	950	957	Siemens
O	957	958	,
organization	959	966	General
organization	967	978	Electronics
O	978	979	,
person	980	985	Bosch
person	986	993	Rexroth
O	993	994	,
organization	995	1005	Mitsubishi
organization	1006	1014	Electric
O	1014	1015	,
organization	1016	1025	Honeywell
organization	1026	1039	International
organization	1040	1044	Inc.
O	1045	1048	and
O	1049	1055	other
O	1055	1056	.
O	1059	1062	get
O	1063	1064	a
O	1065	1071	Sample
O	1072	1076	copy
O	1077	1079	of
O	1080	1083	HMI
O	1084	1090	Market
O	1091	1099	Research
O	1100	1106	Report
O	1107	1108	@
O	1109	1235	https://www.marketresearchfuture.com/sample-request/human-machine-interface-hmi-market-research-report-global-forecast-to-2027
O	1238	1247	Interface
O	1248	1256	software
O	1257	1262	would
O	1263	1267	show
O	1268	1272	high
O	1273	1279	growth
O	1280	1291	opportunity
O	1292	1295	the
organization	1296	1302	global
organization	1303	1308	human
organization	1309	1316	machine
organization	1317	1326	Interface
O	1327	1328	-lrb-
O	1328	1331	HMI
O	1331	1332	-rrb-
O	1333	1339	market
O	1340	1343	have
O	1344	1348	be
O	1349	1360	categorize
O	1361	1368	majorly
O	1369	1373	into
number	1374	1379	three
O	1380	1385	type
O	1386	1391	which
O	1392	1399	include
O	1400	1409	Interface
O	1410	1418	software
O	1418	1419	,
O	1420	1427	display
O	1428	1437	resistive
O	1437	1438	,
O	1439	1449	industrial
O	1450	1452	pc
O	1452	1454	's
O	1455	1460	among
O	1461	1467	other
O	1468	1473	among
O	1474	1480	other
O	1480	1481	.
O	1483	1487	high
O	1488	1498	acceptance
O	1499	1501	of
O	1502	1504	pc
O	1505	1510	base
O	1511	1515	open
O	1516	1522	source
O	1523	1533	monitoring
O	1534	1537	and
O	1538	1549	control
O	1550	1559	operation
O	1560	1562	in
O	1563	1567	user
O	1568	1577	Interface
O	1578	1584	market
O	1585	1587	be
O	1588	1596	create
O	1597	1601	high
O	1602	1608	demand
O	1609	1612	for
O	1613	1622	Interface
O	1623	1631	software
O	1632	1634	of
organization	1635	1640	human
organization	1641	1648	machine
organization	1649	1658	Interface
O	1659	1660	-lrb-
O	1660	1663	HMI
O	1663	1664	-rrb-
O	1665	1671	market
O	1672	1675	and
O	1676	1680	thus
O	1681	1690	provide
O	1691	1695	high
O	1696	1706	profitable
O	1707	1715	platform
O	1716	1719	for
O	1720	1726	market
O	1727	1734	player
O	1734	1735	.
O	1738	1743	taste
O	1744	1747	the
O	1748	1754	market
O	1755	1759	datum
O	1760	1763	and
O	1764	1770	market
O	1771	1782	information
O	1783	1792	present
O	1793	1800	through
O	1801	1805	more
O	1806	1810	than
number	1811	1813	70
O	1814	1820	market
O	1821	1825	datum
O	1826	1832	table
O	1833	1836	and
O	1837	1844	figure
O	1845	1851	spread
O	1852	1854	in
number	1855	1858	110
O	1859	1866	number
O	1867	1869	of
O	1870	1875	page
O	1876	1878	of
O	1879	1882	the
O	1883	1890	project
O	1891	1897	report
O	1897	1898	.

O	1905	1908	the
O	1909	1917	in-depth
O	1918	1923	table
O	1924	1926	of
O	1927	1934	content
O	1935	1938	TOC
O	1939	1940	&
O	1941	1947	market
O	1948	1956	synopsis
O	1957	1959	on
O	1960	1961	``
O	1962	1967	human
O	1968	1975	machine
O	1976	1985	Interface
O	1986	1987	-lrb-
O	1987	1990	HMI
O	1990	1991	-rrb-
O	1992	1998	Market
O	1999	2007	Research
O	2008	2014	Report
date	2015	2019	2027
O	2020	2021	''
location	2024	2029	North
location	2030	2037	America
O	2038	2040	be
O	2041	2049	expect
O	2050	2052	to
O	2053	2057	give
O	2058	2062	high
O	2063	2074	competition
O	2075	2077	to
O	2078	2081	the
location	2082	2088	Europe
O	2088	2089	.

O	2097	2098	,
organization	2099	2103	APAC
O	2104	2108	will
O	2109	2111	be
O	2112	2115	the
O	2116	2123	fastest
O	2124	2131	grow
O	2132	2138	market
location	2139	2144	North
location	2145	2152	America
O	2153	2156	and
location	2157	2163	Europe
O	2164	2168	will
O	2169	2171	be
O	2172	2177	close
O	2178	2189	competition
O	2190	2194	from
date	2195	2199	2016
date	2200	2202	to
date	2203	2207	2027
O	2207	2208	.

O	2216	2217	,
O	2218	2220	it
O	2221	2223	be
O	2224	2235	anticipate
O	2236	2240	that
location	2241	2246	North
location	2247	2254	America
O	2255	2259	will
O	2260	2268	continue
O	2269	2271	to
O	2272	2280	dominate
O	2281	2285	over
location	2286	2292	Europe
O	2293	2295	by
date	2296	2300	2027
O	2300	2301	.

O	2305	2307	of
date	2308	2312	2016
location	2313	2317	U.S.
O	2318	2321	and
location	2322	2328	Canada
O	2329	2332	be
O	2333	2336	the
O	2337	2344	leading
O	2345	2354	country
O	2355	2359	with
O	2360	2367	respect
O	2368	2370	to
O	2371	2378	revenue
O	2379	2389	generation
O	2390	2393	and
O	2394	2400	market
O	2401	2412	penetration
O	2413	2419	across
O	2420	2423	the
O	2424	2429	globe
O	2429	2430	.

O	2437	2438	,
O	2439	2444	these
O	2445	2454	country
O	2454	2455	'
O	2456	2463	market
O	2464	2467	be
O	2468	2476	expect
O	2477	2479	to
O	2480	2482	be
O	2483	2489	mature
O	2489	2490	,
O	2491	2494	and
O	2495	2498	the
O	2499	2507	industry
O	2508	2512	will
O	2513	2517	find
O	2518	2526	stagnant
O	2527	2533	growth
O	2534	2537	for
O	2538	2542	this
O	2543	2549	market
O	2550	2555	after
O	2556	2564	forecast
O	2565	2571	period
O	2571	2572	.

O	2580	2581	,
O	2582	2585	the
O	2586	2595	continual
O	2596	2606	technology
O	2607	2618	development
O	2619	2622	may
O	2623	2628	still
O	2629	2636	enhance
O	2637	2640	the
O	2641	2647	growth
O	2648	2650	of
O	2651	2656	these
O	2657	2664	market
O	2664	2665	.
O	2668	2671	the
O	2672	2677	early
O	2678	2684	diner
O	2685	2688	be
O	2689	2696	offer
O	2697	2701	free
O	2702	2715	customization
O	2715	2716	-
O	2717	2719	up
O	2720	2722	to
percent	2723	2725	20
percent	2725	2726	%
O	2729	2735	Browse
O	2736	2740	full
O	2741	2747	Report
O	2748	2749	@
O	2750	2869	https://www.marketresearchfuture.com/reports/human-machine-interface-hmi-market-research-report-global-forecast-to-2027
O	2872	2874	on
O	2875	2878	the
O	2879	2884	other
O	2885	2889	hand
O	2889	2890	,
location	2891	2895	Asia
location	2896	2903	Pacific
O	2904	2910	region
O	2911	2915	will
O	2916	2918	be
O	2919	2923	with
location	2924	2929	China
O	2929	2930	,
location	2931	2936	India
O	2936	2937	,
location	2938	2943	Japan
O	2943	2944	,
location	2945	2950	South
location	2951	2956	Korea
O	2956	2957	,
location	2958	2967	Singapore
O	2967	2968	,
O	2969	2972	and
O	2973	2979	other
O	2980	2983	its
O	2984	2993	forefront
O	2994	2998	will
O	2999	3003	lead
O	3004	3007	the
O	3008	3014	market
O	3015	3022	further
O	3023	3025	to
date	3026	3030	next
date	3031	3033	10
date	3034	3039	year
O	3040	3043	and
O	3044	3048	will
O	3049	3057	continue
O	3058	3062	with
O	3063	3067	this
O	3068	3073	trend
O	3074	3081	through
O	3082	3085	the
O	3086	3094	forecast
O	3095	3101	period
O	3101	3102	.
organization	3105	3111	global
organization	3112	3117	human
organization	3118	3125	machine
organization	3126	3135	Interface
O	3136	3137	-lrb-
organization	3137	3140	HMI
O	3140	3141	-rrb-
O	3142	3148	Market
O	3149	3157	research
O	3158	3164	report
O	3165	3168	have
O	3169	3177	provide
O	3178	3181	the
O	3182	3190	insight
O	3190	3191	,
O	3192	3194	on
O	3195	3202	various
O	3203	3209	level
O	3210	3212	of
O	3213	3221	analysis
O	3222	3226	such
O	3227	3235	industry
O	3236	3244	analysis
O	3244	3245	,
O	3246	3252	market
O	3253	3258	share
O	3259	3267	analysis
O	3268	3275	lead
O	3276	3282	market
O	3283	3290	player
O	3291	3294	and
O	3295	3300	they
O	3301	3309	profile
O	3309	3310	.

O	3316	3322	report
O	3323	3327	also
O	3328	3333	help
O	3334	3336	in
O	3337	3345	study
O	3346	3349	the
O	3350	3356	target
O	3357	3365	segment
O	3366	3368	by
O	3369	3378	provide
O	3379	3384	view
O	3385	3387	on
O	3388	3396	emerge
O	3397	3398	&
O	3399	3410	high-growth
O	3411	3419	segment
O	3420	3423	and
O	3424	3430	market
O	3431	3441	conclusion
O	3441	3442	.

O	3452	3455	the
O	3456	3462	market
O	3463	3467	datum
O	3468	3476	comprise
O	3477	3480	and
O	3481	3488	discuss
O	3489	3493	with
O	3494	3497	the
O	3498	3503	basic
O	3504	3515	assessment
O	3516	3518	on
O	3519	3522	the
O	3523	3534	competitive
O	3535	3544	scenario
O	3545	3546	&
O	3547	3557	strategy
O	3557	3558	,
O	3559	3561	of
O	3562	3565	the
O	3566	3572	global
O	3573	3578	plate
O	3579	3583	heat
O	3584	3593	exchanger
O	3594	3600	device
O	3601	3607	market
O	3607	3608	,
O	3609	3618	include
O	3619	3622	the
O	3623	3634	high-growth
O	3635	3642	region
O	3642	3643	,
O	3644	3653	country
O	3654	3657	and
O	3658	3663	they
O	3664	3673	political
O	3673	3674	,
O	3675	3683	economic
O	3684	3687	and
O	3688	3701	technological
O	3702	3714	environment
O	3714	3715	.

O	3728	3731	the
O	3732	3739	project
O	3740	3746	report
O	3747	3751	also
O	3752	3760	provide
O	3761	3764	the
O	3765	3770	view
O	3771	3775	over
O	3776	3779	the
O	3780	3790	historical
O	3791	3797	market
O	3798	3804	value
O	3805	3807	as
O	3808	3812	well
O	3813	3815	as
O	3815	3816	,
O	3817	3824	pricing
O	3825	3828	and
O	3829	3833	cost
O	3834	3842	analysis
O	3843	3845	of
O	3846	3849	the
O	3850	3854	same
O	3854	3855	.
